"V1","V2","V3","V4","V5","V6","V7","V8","V9"
0.959183673469388,0.744075831926264,0.744075831926264,0.805687203791469,0.672985781143062,0.682464454976303,0.767772514390719,0.943127962085308,0.682464454976303
0.337741607324517,0.847715736040609,0.948118006103764,0.337741607324517,0.837232959961721,0.337741607324517,0.956256358330029,0.337741607324517,0.337741607324517
0.460076045627376,0.963244613434727,0.946428571428571,0.449936628643853,0.779467680646137,0.449936628643853,0.960709759188847,0.449936628643853,0.449936628643853
0.96330275284041,0.651376148976317,0.651376148976317,1,0.559633030803925,0.706422018348624,0.669724772829528,0.990825688073395,0.651376146788991
0.230769230769231,0.977130977130977,0.983367983367983,0.180873180873181,0.819047619615282,0.180873180873181,0.979209979209979,0.180873180873181,0.180873180873181
0.848484848484849,0.787878787878788,0.757575757575758,0.909090909090909,0.666666666666667,1,0.818181818181818,0.909090909090909,0.818181818181818
0.351931330472103,0.778969957337359,0.774678111651936,0.321888412017167,0.721030042950432,0.317596566523605,0.519230769230769,0.343347639484979,0.317596566523605
0.912037037037037,0.648148150355728,0.652777777777778,0.75462962962963,0.574074074074074,0.671296296296296,0.685185187392765,0.960000002384186,0.671296296296296
0.797297298908234,0.378378378378378,0.378378378378378,0.945945942724073,0.189189189189189,1,0.378378378378378,0.824324325935261,1
